<?xml version="1.0" encoding="utf-8"?>
<general filename="armor"/>
<legs>
	<frame left="112" top="0" width="11" height="9" x="5" y="2" duration="75"/>
	<frame left="17" top="0" width="11" height="12" x="5" y="4" duration="75"/>
	<frame left="48" top="0" width="10" height="12" x="5" y="5" duration="75"/>
	<frame left="32" top="0" width="10" height="12" x="5" y="4" duration="75"/>
	<frame left="48" top="16" width="7" height="11" x="3" y="4" duration="75"/>
	<frame left="96" top="0" width="9" height="12" x="4" y="4" duration="75"/>
	<frame left="64" top="0" width="10" height="12" x="5" y="5" duration="75"/>
	<frame left="80" top="0" width="10" height="12" x="5" y="4" duration="75"/>
</legs>
<torso>
	<Idle>
		<frame left="48" top="32" width="14" height="4" x="7" y="1" duration="100"/>
	</Idle>
	<Melee>
		<frame left="144" top="0" width="15" height="6" x="7" y="2" duration="100"/>
		<frame left="224" top="0" width="13" height="6" x="7" y="2" duration="100"/>
		<frame left="176" top="0" width="14" height="6" x="8" y="2" duration="130"/>
		<frame left="0" top="0" width="17" height="8" x="9" y="2" duration="100"/>
		<frame left="160" top="0" width="15" height="6" x="8" y="1" duration="70"/>
		<frame left="32" top="32" width="14" height="4" x="7" y="1" duration="70"/>
	</Melee>
	<Range>
		<frame left="240" top="0" width="13" height="6" x="7" y="1" duration="100"/>
		<frame left="16" top="16" width="11" height="7" x="6" y="1" duration="100"/>
		<frame left="208" top="0" width="10" height="8" x="5" y="1" duration="130"/>
		<frame left="64" top="16" width="9" height="8" x="5" y="1" duration="100"/>
		<frame left="32" top="16" width="11" height="7" x="6" y="1" duration="70"/>
		<frame left="0" top="16" width="13" height="6" x="7" y="1" duration="70"/>
	</Range>
	<Magic>
		<frame left="224" top="16" width="13" height="5" x="7" y="1" duration="80"/>
		<frame left="208" top="16" width="13" height="5" x="7" y="1" duration="80"/>
		<frame left="176" top="16" width="13" height="5" x="7" y="1" duration="80"/>
		<frame left="160" top="16" width="13" height="5" x="7" y="1" duration="100"/>
		<frame left="128" top="0" width="12" height="8" x="6" y="1" duration="150"/>
		<frame left="192" top="16" width="13" height="5" x="7" y="1" duration="100"/>
	</Magic>
	<Use>
		<frame left="128" top="16" width="14" height="5" x="7" y="1" duration="100"/>
		<frame left="112" top="16" width="12" height="6" x="6" y="1" duration="200"/>
		<frame left="192" top="0" width="12" height="7" x="6" y="1" duration="400"/>
		<frame left="80" top="16" width="12" height="6" x="6" y="1" duration="150"/>
	</Use>
	<Die>
		<frame left="240" top="16" width="13" height="5" x="7" y="1" duration="80"/>
		<frame left="0" top="32" width="13" height="5" x="7" y="0" duration="100"/>
		<frame left="16" top="32" width="13" height="5" x="7" y="0" duration="90"/>
		<frame left="96" top="16" width="12" height="6" x="6" y="0" duration="150"/>
		<frame left="144" top="16" width="14" height="5" x="7" y="-1" duration="100"/>
	</Die>
</torso>
