<?xml version="1.0" encoding="utf-8"?>
<general filename="bat"/>
<legs>
	<frame left="0" top="0" width="22" height="6" x="11" y="4" duration="50"/>
	<frame left="44" top="0" width="22" height="5" x="11" y="2" duration="50"/>
	<frame left="66" top="0" width="22" height="5" x="11" y="1" duration="50"/>
	<frame left="88" top="0" width="22" height="5" x="11" y="2" duration="50"/>
	<frame left="22" top="0" width="22" height="6" x="11" y="4" duration="50"/>
</legs>
<torso>
	<Idle>
		<frame left="192" top="0" width="4" height="6" x="2" y="3" duration="100"/>
	</Idle>
	<Melee>
		<frame left="208" top="0" width="4" height="6" x="2" y="3" duration="120"/>
		<frame left="128" top="0" width="4" height="7" x="2" y="3" duration="110"/>
		<frame left="144" top="0" width="4" height="7" x="2" y="3" duration="100"/>
		<frame left="110" top="0" width="4" height="10" x="2" y="3" duration="100"/>
		<frame left="160" top="0" width="4" height="7" x="2" y="3" duration="90"/>
	</Melee>
	<Die>
		<frame left="224" top="0" width="4" height="6" x="2" y="4" duration="150"/>
		<frame left="176" top="0" width="4" height="7" x="2" y="5" duration="150"/>
		<frame left="240" top="0" width="4" height="6" x="2" y="4" duration="150"/>
		<frame left="0" top="16" width="4" height="6" x="2" y="4" duration="150"/>
	</Die>
</torso>
