<?xml version="1.0" encoding="utf-8"?>
<general filename="bow"/>
<torso>
	<Idle>
		<frame left="80" top="16" width="4" height="16" x="-6" y="6" duration="100"/>
	</Idle>
	<Melee>
		<frame left="144" top="0" width="4" height="16" x="-6" y="5" duration="100"/>
		<frame left="64" top="16" width="4" height="16" x="-3" y="5" duration="100"/>
		<frame left="48" top="16" width="4" height="16" x="-3" y="5" duration="130"/>
		<frame left="32" top="16" width="4" height="16" x="-6" y="5" duration="100"/>
		<frame left="16" top="16" width="4" height="16" x="-6" y="6" duration="70"/>
		<frame left="0" top="16" width="4" height="16" x="-5" y="6" duration="70"/>
	</Melee>
	<Range>
		<frame left="112" top="0" width="15" height="7" x="7" y="-2" duration="100"/>
		<frame left="15" top="0" width="12" height="11" x="6" y="0" duration="100"/>
		<frame left="64" top="0" width="13" height="9" x="6" y="-2" duration="130"/>
		<frame left="32" top="0" width="18" height="7" x="10" y="-2" duration="100"/>
		<frame left="80" top="0" width="18" height="6" x="9" y="-1" duration="70"/>
		<frame left="0" top="0" width="15" height="9" x="4" y="0" duration="70"/>
	</Range>
	<Magic>
		<frame left="240" top="0" width="4" height="16" x="-5" y="5" duration="80"/>
		<frame left="224" top="0" width="4" height="16" x="-4" y="6" duration="80"/>
		<frame left="208" top="0" width="4" height="16" x="-5" y="5" duration="80"/>
		<frame left="192" top="0" width="4" height="16" x="-5" y="6" duration="100"/>
		<frame left="176" top="0" width="4" height="16" x="-5" y="9" duration="150"/>
		<frame left="160" top="0" width="4" height="16" x="-5" y="6" duration="100"/>
	</Magic>
	<Use>
		<frame left="128" top="0" width="11" height="7" x="0" y="-1" duration="100"/>
		<frame left="96" top="16" width="12" height="3" x="1" y="-4" duration="200"/>
		<frame left="112" top="16" width="12" height="3" x="2" y="-5" duration="400"/>
		<frame left="128" top="16" width="10" height="3" x="0" y="-4" duration="150"/>
	</Use>
</torso>
