<?xml version="1.0" encoding="utf-8"?>
<general filename="ceremonial-helmet"/>
<torso>
	<Idle>
		<frame left="112" top="16" width="8" height="13" x="4" y="9" duration="100"/>
	</Idle>
	<Melee>
		<frame left="0" top="0" width="8" height="13" x="4" y="9" duration="100"/>
		<frame left="96" top="16" width="8" height="13" x="4" y="9" duration="100"/>
		<frame left="80" top="16" width="8" height="13" x="4" y="9" duration="130"/>
		<frame left="64" top="16" width="8" height="13" x="4" y="9" duration="100"/>
		<frame left="48" top="16" width="8" height="13" x="4" y="9" duration="70"/>
		<frame left="32" top="16" width="8" height="13" x="4" y="9" duration="70"/>
	</Melee>
	<Range>
		<frame left="16" top="16" width="8" height="13" x="4" y="9" duration="100"/>
		<frame left="0" top="16" width="8" height="13" x="4" y="9" duration="100"/>
		<frame left="240" top="0" width="8" height="13" x="4" y="9" duration="130"/>
		<frame left="224" top="0" width="8" height="13" x="4" y="9" duration="100"/>
		<frame left="208" top="0" width="8" height="13" x="4" y="9" duration="70"/>
		<frame left="192" top="0" width="8" height="13" x="4" y="9" duration="70"/>
	</Range>
	<Magic>
		<frame left="176" top="0" width="8" height="13" x="4" y="9" duration="80"/>
		<frame left="160" top="0" width="8" height="13" x="4" y="9" duration="80"/>
		<frame left="144" top="0" width="8" height="13" x="4" y="9" duration="80"/>
		<frame left="128" top="0" width="8" height="13" x="4" y="9" duration="100"/>
		<frame left="112" top="0" width="8" height="13" x="4" y="9" duration="150"/>
		<frame left="96" top="0" width="8" height="13" x="4" y="9" duration="100"/>
	</Magic>
	<Use>
		<frame left="80" top="0" width="8" height="13" x="4" y="9" duration="100"/>
		<frame left="64" top="0" width="8" height="13" x="4" y="9" duration="200"/>
		<frame left="48" top="0" width="8" height="13" x="4" y="9" duration="400"/>
		<frame left="32" top="0" width="8" height="13" x="4" y="9" duration="150"/>
	</Use>
	<Die>
		<frame left="16" top="0" width="8" height="13" x="4" y="9" duration="80"/>
		<frame left="8" top="0" width="8" height="13" x="4" y="9" duration="100"/>
		<frame left="128" top="16" width="8" height="11" x="4" y="8" duration="90"/>
		<frame left="144" top="16" width="8" height="11" x="4" y="9" duration="150"/>
		<frame left="160" top="16" width="8" height="9" x="4" y="8" duration="100"/>
	</Die>
</torso>
