<?xml version="1.0" encoding="utf-8"?>
<general filename="human"/>
<legs>
	<frame left="48" top="32" width="12" height="9" x="5" y="2" duration="75"/>
	<frame left="208" top="0" width="10" height="12" x="5" y="4" duration="75"/>
	<frame left="64" top="16" width="10" height="12" x="5" y="5" duration="75"/>
	<frame left="80" top="16" width="10" height="12" x="5" y="4" duration="75"/>
	<frame left="64" top="32" width="3" height="4" x="-1" y="-3" duration="75"/>
	<frame left="32" top="32" width="9" height="12" x="4" y="4" duration="75"/>
	<frame left="144" top="16" width="10" height="12" x="5" y="5" duration="75"/>
	<frame left="16" top="32" width="9" height="12" x="4" y="4" duration="75"/>
</legs>
<torso>
	<Idle>
		<frame left="160" top="0" width="16" height="8" x="8" y="3" duration="100"/>
	</Idle>
	<Melee>
		<frame left="144" top="0" width="16" height="8" x="8" y="3" duration="100"/>
		<frame left="208" top="16" width="14" height="8" x="8" y="3" duration="100"/>
		<frame left="224" top="16" width="14" height="8" x="8" y="3" duration="130"/>
		<frame left="0" top="0" width="17" height="10" x="9" y="3" duration="100"/>
		<frame left="17" top="0" width="16" height="9" x="8" y="3" duration="70"/>
		<frame left="112" top="16" width="15" height="8" x="8" y="3" duration="70"/>
	</Melee>
	<Range>
		<frame left="176" top="16" width="13" height="9" x="7" y="3" duration="100"/>
		<frame left="96" top="16" width="12" height="10" x="7" y="3" duration="100"/>
		<frame left="192" top="0" width="11" height="11" x="6" y="3" duration="130"/>
		<frame left="0" top="32" width="10" height="11" x="6" y="3" duration="100"/>
		<frame left="128" top="16" width="12" height="10" x="7" y="3" duration="70"/>
		<frame left="160" top="16" width="13" height="9" x="7" y="3" duration="70"/>
	</Range>
	<Magic>
		<frame left="48" top="16" width="15" height="8" x="8" y="3" duration="80"/>
		<frame left="240" top="16" width="14" height="8" x="8" y="3" duration="80"/>
		<frame left="32" top="16" width="15" height="8" x="8" y="3" duration="80"/>
		<frame left="16" top="16" width="15" height="8" x="8" y="3" duration="100"/>
		<frame left="80" top="0" width="13" height="11" x="6" y="3" duration="150"/>
		<frame left="224" top="0" width="15" height="8" x="8" y="3" duration="100"/>
	</Magic>
	<Use>
		<frame left="176" top="0" width="14" height="9" x="7" y="3" duration="100"/>
		<frame left="240" top="0" width="12" height="10" x="6" y="3" duration="200"/>
		<frame left="112" top="0" width="12" height="11" x="6" y="3" duration="400"/>
		<frame left="0" top="16" width="12" height="10" x="6" y="3" duration="150"/>
	</Use>
	<Die>
		<frame left="192" top="16" width="13" height="9" x="7" y="3" duration="80"/>
		<frame left="128" top="0" width="13" height="10" x="7" y="3" duration="100"/>
		<frame left="64" top="0" width="13" height="11" x="7" y="4" duration="90"/>
		<frame left="48" top="0" width="13" height="11" x="6" y="5" duration="150"/>
		<frame left="96" top="0" width="14" height="10" x="7" y="4" duration="100"/>
	</Die>
</torso>
