<?xml version="1.0" encoding="utf-8"?>
<general filename="spider"/>
<legs>
	<frame left="0" top="16" width="21" height="13" x="11" y="9" duration="75"/>
	<frame left="0" top="0" width="21" height="15" x="11" y="10" duration="75"/>
	<frame left="21" top="0" width="21" height="15" x="11" y="10" duration="75"/>
	<frame left="42" top="0" width="21" height="15" x="11" y="10" duration="75"/>
	<frame left="208" top="0" width="21" height="13" x="10" y="9" duration="75"/>
	<frame left="84" top="0" width="21" height="15" x="10" y="10" duration="75"/>
	<frame left="105" top="0" width="21" height="15" x="10" y="10" duration="75"/>
	<frame left="63" top="0" width="21" height="15" x="10" y="10" duration="75"/>
</legs>
<torso>
	<Idle>
		<frame left="208" top="16" width="12" height="19" x="6" y="11" duration="100"/>
	</Idle>
	<Melee>
		<frame left="48" top="16" width="14" height="19" x="8" y="11" duration="100"/>
		<frame left="64" top="16" width="14" height="19" x="7" y="11" duration="100"/>
		<frame left="80" top="16" width="14" height="19" x="6" y="11" duration="100"/>
		<frame left="96" top="16" width="14" height="19" x="5" y="11" duration="100"/>
		<frame left="192" top="0" width="15" height="19" x="6" y="11" duration="100"/>
	</Melee>
	<Magic>
		<frame left="112" top="16" width="14" height="19" x="7" y="11" duration="100"/>
		<frame left="144" top="0" width="16" height="19" x="8" y="11" duration="100"/>
		<frame left="160" top="0" width="16" height="18" x="8" y="11" duration="100"/>
		<frame left="240" top="0" width="16" height="17" x="8" y="11" duration="100"/>
		<frame left="32" top="16" width="16" height="17" x="8" y="11" duration="300"/>
		<frame left="176" top="0" width="16" height="18" x="8" y="11" duration="100"/>
	</Magic>
	<Die>
		<frame left="126" top="0" width="18" height="17" x="9" y="11" duration="100"/>
	</Die>
</torso>
