<?xml version="1.0" encoding="utf-8"?>
<general filename="staff"/>
<torso>
	<Idle>
		<frame left="208" top="0" width="6" height="20" x="9" y="8" duration="100"/>
	</Idle>
	<Melee>
		<frame left="224" top="0" width="6" height="20" x="10" y="8" duration="100"/>
		<frame left="0" top="0" width="15" height="15" x="13" y="8" duration="100"/>
		<frame left="64" top="0" width="13" height="11" x="13" y="8" duration="130"/>
		<frame left="80" top="0" width="6" height="23" x="12" y="8" duration="100"/>
		<frame left="48" top="0" width="8" height="21" x="11" y="8" duration="70"/>
		<frame left="144" top="32" width="4" height="20" x="9" y="9" duration="70"/>
	</Melee>
	<Range>
		<frame left="0" top="16" width="6" height="19" x="9" y="6" duration="100"/>
		<frame left="112" top="32" width="6" height="18" x="9" y="8" duration="100"/>
		<frame left="240" top="0" width="5" height="23" x="8" y="10" duration="130"/>
		<frame left="15" top="0" width="10" height="20" x="9" y="9" duration="100"/>
		<frame left="128" top="32" width="5" height="20" x="8" y="9" duration="70"/>
		<frame left="32" top="0" width="9" height="22" x="10" y="10" duration="70"/>
	</Range>
	<Magic>
		<frame left="192" top="0" width="6" height="20" x="9" y="9" duration="80"/>
		<frame left="176" top="0" width="6" height="20" x="10" y="11" duration="80"/>
		<frame left="160" top="0" width="6" height="20" x="10" y="10" duration="80"/>
		<frame left="144" top="0" width="6" height="20" x="9" y="7" duration="100"/>
		<frame left="128" top="0" width="6" height="20" x="8" y="4" duration="150"/>
		<frame left="112" top="0" width="6" height="20" x="9" y="7" duration="100"/>
	</Magic>
	<Use>
		<frame left="96" top="0" width="15" height="8" x="13" y="-1" duration="100"/>
		<frame left="16" top="32" width="22" height="5" x="14" y="-4" duration="200"/>
		<frame left="48" top="32" width="22" height="5" x="14" y="-4" duration="400"/>
		<frame left="80" top="32" width="22" height="5" x="13" y="-3" duration="150"/>
	</Use>
</torso>
