<?xml version="1.0" encoding="utf-8"?>
<grid>
	<cell x="10" y="12" entity="book-shelf" face="0,1"/>
	<cell x="11" y="13"/>
	<cell x="8" y="14"/>
	<cell x="9" y="15"/>
	<cell x="14" y="8"/>
	<cell x="15" y="9"/>
	<cell x="12" y="10" entity="alchemy-shelf" face="1,0"/>
	<cell x="13" y="11"/>
	<cell x="23" y="17"/>
	<cell x="20" y="18"/>
	<cell x="21" y="19" entity="alchemy-shelf" face="0,-1"/>
	<cell x="18" y="20" entity="alchemy-shelf" face="-1,0"/>
	<cell x="17" y="23" entity="barrel-top" face="0,-1"/>
	<cell x="16" y="22"/>
	<cell x="22" y="16"/>
	<cell x="20" y="16"/>
	<cell x="16" y="20"/>
	<cell x="8" y="12" entity="book-shelf" face="0,1"/>
	<cell x="9" y="13"/>
	<cell x="10" y="14"/>
	<cell x="11" y="15"/>
	<cell x="12" y="8" entity="book-shelf" face="1,0"/>
	<cell x="13" y="9"/>
	<cell x="14" y="10"/>
	<cell x="15" y="11"/>
	<cell x="21" y="17"/>
	<cell x="22" y="18"/>
	<cell x="23" y="19" entity="barrel-top" face="0,-1"/>
	<cell x="17" y="21"/>
	<cell x="18" y="22" entity="alchemy-shelf" face="-1,0"/>
	<cell x="21" y="16"/>
	<cell x="16" y="21"/>
	<cell x="9" y="12" entity="alchemy-shelf" face="0,1"/>
	<cell x="8" y="13"/>
	<cell x="11" y="14"/>
	<cell x="10" y="15"/>
	<cell x="13" y="8"/>
	<cell x="12" y="9" entity="alchemy-shelf" face="1,0"/>
	<cell x="15" y="10"/>
	<cell x="14" y="11"/>
	<cell x="20" y="17"/>
	<cell x="23" y="18"/>
	<cell x="22" y="19" entity="book-shelf" face="0,-1"/>
	<cell x="17" y="20"/>
	<cell x="18" y="23" entity="barrel-top" face="0,-1"/>
	<cell x="7" y="12" entity="barrel-top" face="0,-1"/>
	<cell x="12" y="7" entity="barrel-top" face="0,-1"/>
	<cell x="7" y="13"/>
	<cell x="13" y="7"/>
	<cell x="7" y="17" entity="barrel-top" face="0,-1"/>
	<cell x="17" y="7"/>
	<cell x="7" y="18" entity="barrel-top" face="0,-1"/>
	<cell x="18" y="7" entity="barrel-top" face="0,-1"/>
	<cell x="12" y="12"/>
	<cell x="13" y="13"/>
	<cell x="17" y="17"/>
	<cell x="18" y="18"/>
	<cell x="19" y="19" entity="book-shelf" face="0,-1"/>
	<cell x="14" y="14" wall="true" entity="wood-table-a" face="1,0"/>
	<cell x="15" y="15" wall="true" entity="empty-wood-table" face="0,1"/>
	<cell x="16" y="16" wall="true" entity="wood-table-b" face="0,1"/>
	<cell x="11" y="11" wall="true" entity="torch" face="1,0"/>
	<cell x="16" y="7"/>
	<cell x="7" y="16"/>
	<cell x="15" y="7"/>
	<cell x="7" y="15"/>
	<cell x="14" y="7"/>
	<cell x="7" y="14"/>
	<cell x="16" y="15" wall="true" entity="empty-wood-table" face="0,1"/>
	<cell x="15" y="16" wall="true" entity="empty-wood-table" face="0,1"/>
	<cell x="12" y="19" entity="book-shelf" face="1,0"/>
	<cell x="18" y="13"/>
	<cell x="13" y="18"/>
	<cell x="14" y="17"/>
	<cell x="17" y="14"/>
	<cell x="19" y="12" wall="true" entity="torch" face="1,0"/>
	<cell x="16" y="14" wall="true" entity="wood-table-a" face="1,0"/>
	<cell x="14" y="16" wall="true" entity="wood-table-b" face="0,-1"/>
	<cell x="13" y="19"/>
	<cell x="19" y="13" entity="book-shelf" face="0,1"/>
	<cell x="18" y="12"/>
	<cell x="12" y="18"/>
	<cell x="15" y="17"/>
	<cell x="17" y="15"/>
	<cell x="17" y="18"/>
	<cell x="18" y="17"/>
	<cell x="14" y="13"/>
	<cell x="15" y="12"/>
	<cell x="12" y="15"/>
	<cell x="16" y="19"/>
	<cell x="13" y="14"/>
	<cell x="19" y="16"/>
	<cell x="14" y="23"/>
	<cell x="15" y="22"/>
	<cell x="23" y="14"/>
	<cell x="22" y="15"/>
	<cell x="9" y="16"/>
	<cell x="8" y="17"/>
	<cell x="11" y="18" entity="book-shelf" face="0,-1"/>
	<cell x="17" y="8"/>
	<cell x="16" y="9"/>
	<cell x="18" y="11" entity="alchemy-shelf" face="-1,0"/>
	<cell x="20" y="13" entity="alchemy-shelf" face="0,1"/>
	<cell x="13" y="20"/>
	<cell x="12" y="21" entity="book-shelf" face="1,0"/>
	<cell x="13" y="23" entity="barrel-side" face="1,0"/>
	<cell x="12" y="22" entity="alchemy-shelf" face="1,0"/>
	<cell x="23" y="13" entity="barrel-top" face="0,-1"/>
	<cell x="17" y="11"/>
	<cell x="16" y="10"/>
	<cell x="18" y="8" entity="alchemy-shelf" face="-1,0"/>
	<cell x="8" y="18" entity="book-shelf" face="0,-1"/>
	<cell x="11" y="17"/>
	<cell x="10" y="16"/>
	<cell x="15" y="21"/>
	<cell x="14" y="20"/>
	<cell x="20" y="14"/>
	<cell x="21" y="15"/>
	<cell x="18" y="14"/>
	<cell x="19" y="15"/>
	<cell x="14" y="18"/>
	<cell x="15" y="19"/>
	<cell x="12" y="16"/>
	<cell x="13" y="17"/>
	<cell x="16" y="12"/>
	<cell x="17" y="13"/>
	<cell x="16" y="13"/>
	<cell x="17" y="12"/>
	<cell x="12" y="17"/>
	<cell x="14" y="19"/>
	<cell x="18" y="15"/>
	<cell x="19" y="14"/>
	<cell x="13" y="16"/>
	<cell x="15" y="18"/>
	<cell x="12" y="23" entity="barrel-top" face="0,-1"/>
	<cell x="13" y="22"/>
	<cell x="22" y="13" entity="alchemy-shelf" face="0,1"/>
	<cell x="16" y="11"/>
	<cell x="17" y="10"/>
	<cell x="18" y="9" entity="book-shelf" face="-1,0"/>
	<cell x="9" y="18" entity="alchemy-shelf" face="0,-1"/>
	<cell x="20" y="15"/>
	<cell x="21" y="14"/>
	<cell x="15" y="20"/>
	<cell x="14" y="21"/>
	<cell x="11" y="16"/>
	<cell x="10" y="17"/>
	<cell x="11" y="19" wall="true" entity="torch" face="1,0"/>
	<cell x="23" y="15"/>
	<cell x="22" y="14"/>
	<cell x="14" y="22"/>
	<cell x="15" y="23"/>
	<cell x="8" y="16"/>
	<cell x="9" y="17"/>
	<cell x="10" y="18" entity="alchemy-shelf" face="0,-1"/>
	<cell x="16" y="8"/>
	<cell x="17" y="9"/>
	<cell x="18" y="10" entity="book-shelf" face="-1,0"/>
	<cell x="21" y="13" entity="alchemy-shelf" face="0,1"/>
	<cell x="12" y="20" entity="alchemy-shelf" face="1,0"/>
	<cell x="13" y="21"/>
	<cell x="17" y="16"/>
	<cell x="16" y="17"/>
	<cell x="13" y="12"/>
	<cell x="12" y="13"/>
	<cell x="19" y="18"/>
	<cell x="18" y="19"/>
	<cell x="14" y="15" wall="true" entity="empty-wood-table" face="0,1"/>
	<cell x="15" y="14" wall="true" entity="wood-table-b" face="1,0"/>
	<cell x="19" y="20" wall="true" entity="torch" face="1,0"/>
	<cell x="23" y="16"/>
	<cell x="16" y="23"/>
	<cell x="11" y="12" entity="book-shelf" face="0,1"/>
	<cell x="10" y="13"/>
	<cell x="9" y="14"/>
	<cell x="8" y="15"/>
	<cell x="15" y="8"/>
	<cell x="14" y="9"/>
	<cell x="13" y="10"/>
	<cell x="12" y="11" entity="book-shelf" face="1,0"/>
	<cell x="22" y="17"/>
	<cell x="21" y="18"/>
	<cell x="20" y="19" entity="alchemy-shelf" face="0,-1"/>
	<cell x="18" y="21" entity="book-shelf" face="-1,0"/>
	<cell x="17" y="22"/>
	<cell x="18" y="16"/>
	<cell x="13" y="15"/>
	<cell x="16" y="18"/>
	<cell x="12" y="14"/>
	<cell x="14" y="12"/>
	<cell x="17" y="19"/>
	<cell x="19" y="17"/>
	<cell x="15" y="13"/>
</grid>
