<?xml version="1.0" encoding="utf-8"?>
<grid>
	<cell x="13" y="24"/>
	<cell x="15" y="26"/>
	<cell x="24" y="13"/>
	<cell x="25" y="12" entity="book-shelf" face="-1,0"/>
	<cell x="18" y="7"/>
	<cell x="19" y="6"/>
	<cell x="5" y="16"/>
	<cell x="6" y="19"/>
	<cell x="7" y="18"/>
	<cell x="4" y="17" wall="true" entity="torch" face="1,0"/>
	<cell x="17" y="4" wall="true" entity="torch" face="1,0"/>
	<cell x="12" y="25"/>
	<cell x="16" y="5"/>
	<cell x="13" y="25"/>
	<cell x="12" y="24"/>
	<cell x="14" y="26"/>
	<cell x="25" y="13"/>
	<cell x="24" y="12"/>
	<cell x="19" y="7"/>
	<cell x="18" y="6"/>
	<cell x="17" y="5"/>
	<cell x="5" y="17"/>
	<cell x="7" y="19"/>
	<cell x="6" y="18"/>
	<cell x="16" y="7"/>
	<cell x="13" y="26"/>
	<cell x="14" y="25"/>
	<cell x="15" y="24"/>
	<cell x="24" y="15"/>
	<cell x="25" y="14"/>
	<cell x="17" y="6"/>
	<cell x="18" y="5" entity="book-shelf" face="0,1"/>
	<cell x="5" y="18" entity="book-shelf" face="1,0"/>
	<cell x="6" y="17"/>
	<cell x="7" y="16"/>
	<cell x="26" y="13" wall="true" entity="torch" face="1,0"/>
	<cell x="16" y="6"/>
	<cell x="12" y="26" entity="book-shelf" face="0,-1"/>
	<cell x="15" y="25"/>
	<cell x="14" y="24"/>
	<cell x="25" y="15"/>
	<cell x="24" y="14"/>
	<cell x="17" y="7"/>
	<cell x="19" y="5" entity="book-shelf" face="0,1"/>
	<cell x="5" y="19" entity="book-shelf" face="1,0"/>
	<cell x="7" y="17"/>
	<cell x="6" y="16"/>
	<cell x="13" y="27" wall="true" entity="torch" face="1,0"/>
	<cell x="23" y="15"/>
	<cell x="22" y="14"/>
	<cell x="8" y="16"/>
	<cell x="9" y="17" entity="book-shelf" face="0,-1"/>
	<cell x="14" y="22"/>
	<cell x="13" y="21" entity="book-shelf" face="1,0"/>
	<cell x="17" y="9" entity="empty-shelf" face="-1,0"/>
	<cell x="21" y="13" entity="book-shelf" face="0,1"/>
	<cell x="15" y="23"/>
	<cell x="16" y="8"/>
	<cell x="11" y="16" entity="wood-chair" face="0,-1"/>
	<cell x="10" y="17" entity="empty-shelf" face="0,-1"/>
	<cell x="12" y="23" entity="book-shelf" face="0,1"/>
	<cell x="22" y="13"/>
	<cell x="16" y="11" entity="wood-chair" face="-1,0"/>
	<cell x="17" y="10" entity="book-shelf" face="-1,0"/>
	<cell x="20" y="15" entity="wood-table-a" face="0,1"/>
	<cell x="21" y="14"/>
	<cell x="15" y="20" entity="empty-wood-table" face="0,1"/>
	<cell x="14" y="21" entity="wood-chair" face="1,0"/>
	<cell x="13" y="22" entity="book-shelf" face="1,0"/>
	<cell x="8" y="19" entity="book-shelf" face="-1,0"/>
	<cell x="19" y="8" entity="empty-shelf" face="0,-1"/>
	<cell x="23" y="12"/>
	<cell x="6" y="15"/>
	<cell x="7" y="14"/>
	<cell x="25" y="16"/>
	<cell x="24" y="17"/>
	<cell x="17" y="24"/>
	<cell x="19" y="26" entity="empty-shelf" face="0,-1"/>
	<cell x="16" y="25"/>
	<cell x="15" y="6"/>
	<cell x="14" y="7"/>
	<cell x="4" y="13" wall="true" entity="torch" face="1,0"/>
	<cell x="13" y="4" wall="true" entity="torch" face="1,0"/>
	<cell x="7" y="15"/>
	<cell x="6" y="14"/>
	<cell x="5" y="13"/>
	<cell x="13" y="5"/>
	<cell x="24" y="16"/>
	<cell x="25" y="17"/>
	<cell x="17" y="25"/>
	<cell x="18" y="26" entity="empty-shelf" face="0,-1"/>
	<cell x="16" y="24"/>
	<cell x="14" y="6"/>
	<cell x="15" y="7"/>
	<cell x="12" y="7"/>
	<cell x="18" y="25"/>
	<cell x="19" y="24"/>
	<cell x="24" y="19"/>
	<cell x="25" y="18" entity="book-shelf" face="-1,0"/>
	<cell x="13" y="6"/>
	<cell x="6" y="13"/>
	<cell x="5" y="14"/>
	<cell x="26" y="17" wall="true" entity="torch" face="1,0"/>
	<cell x="17" y="26"/>
	<cell x="14" y="5"/>
	<cell x="6" y="22"/>
	<cell x="9" y="25"/>
	<cell x="8" y="24"/>
	<cell x="7" y="23"/>
	<cell x="10" y="26" entity="empty-shelf" face="0,-1"/>
	<cell x="25" y="9" entity="empty-shelf" face="-1,0"/>
	<cell x="24" y="8"/>
	<cell x="23" y="7"/>
	<cell x="22" y="6"/>
	<cell x="21" y="5" entity="empty-shelf" face="0,1"/>
	<cell x="5" y="21" entity="book-shelf" face="1,0"/>
	<cell x="22" y="9" entity="book-shelf" face="1,0"/>
	<cell x="25" y="6" entity="book-shelf" face="-1,0"/>
	<cell x="13" y="18" entity="empty-shelf" face="1,0"/>
	<cell x="17" y="14"/>
	<cell x="18" y="13" entity="empty-shelf" face="0,1"/>
	<cell x="14" y="17"/>
	<cell x="23" y="8"/>
	<cell x="24" y="7"/>
	<cell x="16" y="15"/>
	<cell x="15" y="16"/>
	<cell x="8" y="23"/>
	<cell x="7" y="24"/>
	<cell x="6" y="25"/>
	<cell x="5" y="26" entity="torch" face="0,1"/>
	<cell x="5" y="22" entity="empty-shelf" face="1,0"/>
	<cell x="9" y="26" entity="empty-shelf" face="0,-1"/>
	<cell x="10" y="25"/>
	<cell x="7" y="20"/>
	<cell x="6" y="21"/>
	<cell x="20" y="7"/>
	<cell x="21" y="6"/>
	<cell x="25" y="10" entity="book-shelf" face="-1,0"/>
	<cell x="24" y="11"/>
	<cell x="22" y="5" entity="book-shelf" face="0,1"/>
	<cell x="11" y="24"/>
	<cell x="10" y="7"/>
	<cell x="11" y="6"/>
	<cell x="8" y="5" entity="book-shelf" face="0,1"/>
	<cell x="25" y="20" entity="book-shelf" face="-1,0"/>
	<cell x="24" y="21"/>
	<cell x="20" y="25"/>
	<cell x="21" y="24"/>
	<cell x="23" y="26" entity="empty-shelf" face="0,-1"/>
	<cell x="5" y="8" entity="empty-shelf" face="1,0"/>
	<cell x="24" y="22"/>
	<cell x="25" y="23" entity="book-shelf" face="-1,0"/>
	<cell x="6" y="8"/>
	<cell x="23" y="25"/>
	<cell x="22" y="24"/>
	<cell x="20" y="26" entity="book-shelf" face="0,-1"/>
	<cell x="7" y="9"/>
	<cell x="9" y="7"/>
	<cell x="8" y="6"/>
	<cell x="11" y="7"/>
	<cell x="5" y="9"/>
	<cell x="22" y="26" entity="empty-shelf" face="0,-1"/>
	<cell x="21" y="25"/>
	<cell x="20" y="24"/>
	<cell x="25" y="21" entity="empty-shelf" face="-1,0"/>
	<cell x="24" y="20"/>
	<cell x="9" y="5" entity="empty-shelf" face="0,1"/>
	<cell x="10" y="6"/>
	<cell x="6" y="9"/>
	<cell x="25" y="22" entity="empty-shelf" face="-1,0"/>
	<cell x="21" y="26" entity="book-shelf" face="0,-1"/>
	<cell x="22" y="25"/>
	<cell x="23" y="24"/>
	<cell x="24" y="23"/>
	<cell x="7" y="8"/>
	<cell x="8" y="7"/>
	<cell x="9" y="6"/>
	<cell x="16" y="26"/>
	<cell x="15" y="5"/>
	<cell x="19" y="25"/>
	<cell x="18" y="24"/>
	<cell x="25" y="19" entity="empty-shelf" face="-1,0"/>
	<cell x="24" y="18"/>
	<cell x="13" y="7"/>
	<cell x="12" y="6"/>
	<cell x="17" y="27" wall="true" entity="torch" face="1,0"/>
	<cell x="5" y="15"/>
	<cell x="7" y="13"/>
	<cell x="8" y="20" entity="book-shelf" face="-1,0"/>
	<cell x="20" y="8" entity="book-shelf" face="0,-1"/>
	<cell x="22" y="10" entity="book-shelf" face="1,0"/>
	<cell x="23" y="11"/>
	<cell x="25" y="5" entity="torch" face="1,0"/>
	<cell x="11" y="23" entity="book-shelf" face="0,1"/>
	<cell x="6" y="26" entity="empty-shelf" face="0,-1"/>
	<cell x="5" y="25" entity="book-shelf" face="1,0"/>
	<cell x="15" y="19" entity="wood-chair" face="0,1"/>
	<cell x="16" y="12"/>
	<cell x="19" y="15" entity="wood-table-b" face="1,0"/>
	<cell x="18" y="14"/>
	<cell x="17" y="13"/>
	<cell x="14" y="18"/>
	<cell x="12" y="16"/>
	<cell x="13" y="17"/>
	<cell x="10" y="8" entity="book-shelf" face="0,-1"/>
	<cell x="24" y="26" entity="book-shelf" face="0,-1"/>
	<cell x="21" y="23" entity="book-shelf" face="0,1"/>
	<cell x="23" y="21"/>
	<cell x="22" y="20" entity="empty-shelf" face="1,0"/>
	<cell x="5" y="7" entity="book-shelf" face="1,0"/>
	<cell x="7" y="5" entity="empty-shelf" face="0,1"/>
	<cell x="17" y="19" entity="book-shelf" face="-1,0"/>
	<cell x="15" y="13"/>
	<cell x="14" y="12"/>
	<cell x="19" y="17" entity="book-shelf" face="0,-1"/>
	<cell x="18" y="16"/>
	<cell x="13" y="15"/>
	<cell x="12" y="14"/>
	<cell x="16" y="18"/>
	<cell x="9" y="9" wall="true" entity="torch" face="0,-1"/>
	<cell x="18" y="18" wall="true" entity="torch" face="1,0"/>
	<cell x="12" y="12" wall="true" entity="torch" face="1,0"/>
	<cell x="23" y="23"/>
	<cell x="5" y="5" entity="torch" face="1,0"/>
	<cell x="8" y="8"/>
	<cell x="7" y="7"/>
	<cell x="6" y="6"/>
	<cell x="14" y="14"/>
	<cell x="15" y="15"/>
	<cell x="16" y="16"/>
	<cell x="13" y="13"/>
	<cell x="17" y="17"/>
	<cell x="24" y="24"/>
	<cell x="22" y="22" entity="book-shelf" face="1,0"/>
	<cell x="25" y="25" entity="book-shelf" face="-1,0"/>
	<cell x="17" y="15"/>
	<cell x="13" y="19" entity="book-shelf" face="1,0"/>
	<cell x="16" y="14"/>
	<cell x="24" y="6"/>
	<cell x="25" y="7" entity="empty-shelf" face="-1,0"/>
	<cell x="22" y="8"/>
	<cell x="23" y="9"/>
	<cell x="9" y="23" entity="book-shelf" face="0,1"/>
	<cell x="6" y="24"/>
	<cell x="7" y="25"/>
	<cell x="8" y="22" entity="book-shelf" face="-1,0"/>
	<cell x="19" y="13" entity="empty-shelf" face="0,1"/>
	<cell x="15" y="17"/>
	<cell x="14" y="16"/>
	<cell x="18" y="12" wall="true" entity="torch" face="1,0"/>
	<cell x="12" y="18" wall="true" entity="torch" face="1,0"/>
	<cell x="24" y="9"/>
	<cell x="6" y="23"/>
	<cell x="9" y="24"/>
	<cell x="8" y="25"/>
	<cell x="7" y="22"/>
	<cell x="11" y="26" entity="empty-shelf" face="0,-1"/>
	<cell x="5" y="20" entity="empty-shelf" face="1,0"/>
	<cell x="20" y="5" entity="book-shelf" face="0,1"/>
	<cell x="23" y="6"/>
	<cell x="22" y="7"/>
	<cell x="25" y="8" entity="book-shelf" face="-1,0"/>
	<cell x="5" y="24" entity="book-shelf" face="1,0"/>
	<cell x="7" y="26" entity="empty-shelf" face="0,-1"/>
	<cell x="10" y="23" entity="empty-shelf" face="0,1"/>
	<cell x="24" y="5" entity="empty-shelf" face="0,1"/>
	<cell x="22" y="11" entity="empty-shelf" face="1,0"/>
	<cell x="23" y="10"/>
	<cell x="21" y="8" entity="empty-shelf" face="0,-1"/>
	<cell x="8" y="21" entity="empty-shelf" face="-1,0"/>
	<cell x="14" y="19"/>
	<cell x="16" y="13"/>
	<cell x="17" y="12" entity="book-shelf" face="-1,0"/>
	<cell x="18" y="15" entity="wood-chair" face="1,0"/>
	<cell x="19" y="14" entity="wood-chair" face="0,1"/>
	<cell x="12" y="17" entity="empty-shelf" face="0,-1"/>
	<cell x="13" y="16"/>
	<cell x="15" y="18"/>
	<cell x="25" y="24" entity="book-shelf" face="-1,0"/>
	<cell x="23" y="22"/>
	<cell x="24" y="25"/>
	<cell x="22" y="23"/>
	<cell x="8" y="9"/>
	<cell x="14" y="15"/>
	<cell x="16" y="17"/>
	<cell x="12" y="13" entity="empty-shelf" face="0,1"/>
	<cell x="17" y="16"/>
	<cell x="13" y="12" entity="book-shelf" face="1,0"/>
	<cell x="15" y="14"/>
	<cell x="9" y="8" entity="empty-shelf" face="0,-1"/>
	<cell x="6" y="7"/>
	<cell x="7" y="6"/>
	<cell x="11" y="8" entity="book-shelf" face="0,-1"/>
	<cell x="15" y="12" entity="wood-chair" face="0,-1"/>
	<cell x="14" y="13"/>
	<cell x="17" y="18" entity="empty-shelf" face="-1,0"/>
	<cell x="16" y="19"/>
	<cell x="6" y="5" entity="book-shelf" face="0,1"/>
	<cell x="5" y="6" entity="book-shelf" face="1,0"/>
	<cell x="23" y="20"/>
	<cell x="22" y="21" entity="book-shelf" face="1,0"/>
	<cell x="20" y="23" entity="empty-shelf" face="0,1"/>
	<cell x="25" y="26" entity="torch" face="1,0"/>
	<cell x="18" y="17" entity="empty-shelf" face="0,-1"/>
	<cell x="19" y="16" entity="wood-chair" face="0,-1"/>
	<cell x="12" y="15" entity="wood-chair" face="-1,0"/>
	<cell x="13" y="14"/>
	<cell x="9" y="16"/>
	<cell x="20" y="13" entity="book-shelf" face="0,1"/>
	<cell x="16" y="9"/>
	<cell x="13" y="20" entity="empty-shelf" face="1,0"/>
	<cell x="15" y="22" entity="wood-chair" face="0,-1"/>
	<cell x="8" y="17"/>
	<cell x="17" y="8"/>
	<cell x="23" y="14"/>
	<cell x="22" y="15"/>
	<cell x="14" y="23"/>
	<cell x="7" y="21"/>
	<cell x="20" y="6"/>
	<cell x="21" y="7"/>
	<cell x="24" y="10"/>
	<cell x="25" y="11" entity="book-shelf" face="-1,0"/>
	<cell x="23" y="5" entity="book-shelf" face="0,1"/>
	<cell x="5" y="23" entity="empty-shelf" face="1,0"/>
	<cell x="8" y="26" entity="book-shelf" face="0,-1"/>
	<cell x="11" y="25"/>
	<cell x="10" y="24"/>
	<cell x="6" y="20"/>
	<cell x="10" y="16" entity="wood-chair" face="0,-1"/>
	<cell x="11" y="17" entity="book-shelf" face="0,-1"/>
	<cell x="13" y="23"/>
	<cell x="23" y="13"/>
	<cell x="22" y="12" entity="book-shelf" face="1,0"/>
	<cell x="18" y="8" entity="book-shelf" face="0,-1"/>
	<cell x="8" y="18" entity="empty-shelf" face="-1,0"/>
	<cell x="15" y="21" entity="wood-table-b" face="0,1"/>
	<cell x="14" y="20" entity="wood-chair" face="1,0"/>
	<cell x="17" y="11" entity="empty-shelf" face="-1,0"/>
	<cell x="16" y="10" entity="wood-chair" face="-1,0"/>
	<cell x="21" y="15" entity="wood-chair" face="-1,0"/>
	<cell x="20" y="14" entity="wood-chair" face="0,1"/>
	<cell x="18" y="23" entity="book-shelf" face="0,1"/>
	<cell x="22" y="19" entity="book-shelf" face="1,0"/>
	<cell x="23" y="18"/>
	<cell x="13" y="8"/>
	<cell x="8" y="13"/>
	<cell x="16" y="21" entity="wood-chair" face="-1,0"/>
	<cell x="17" y="20" entity="book-shelf" face="-1,0"/>
	<cell x="14" y="11" entity="wood-chair" face="1,0"/>
	<cell x="15" y="10" entity="wood-table-a" face="0,-1"/>
	<cell x="20" y="17" entity="empty-shelf" face="0,-1"/>
	<cell x="21" y="16"/>
	<cell x="10" y="15" entity="wood-table-a" face="-1,0"/>
	<cell x="11" y="14" entity="wood-chair" face="0,1"/>
	<cell x="14" y="8"/>
	<cell x="17" y="23"/>
	<cell x="23" y="17"/>
	<cell x="22" y="16"/>
	<cell x="8" y="14"/>
	<cell x="16" y="22"/>
	<cell x="13" y="11" entity="book-shelf" face="1,0"/>
	<cell x="15" y="9" entity="wood-chair" face="0,1"/>
	<cell x="9" y="15" entity="wood-chair" face="1,0"/>
	<cell x="11" y="13" entity="book-shelf" face="0,1"/>
	<cell x="15" y="8"/>
	<cell x="16" y="23"/>
	<cell x="22" y="17"/>
	<cell x="23" y="16"/>
	<cell x="8" y="15"/>
	<cell x="17" y="22" entity="empty-shelf" face="-1,0"/>
	<cell x="13" y="10" entity="book-shelf" face="1,0"/>
	<cell x="14" y="9"/>
	<cell x="9" y="14"/>
	<cell x="10" y="13" entity="book-shelf" face="0,1"/>
	<cell x="12" y="8"/>
	<cell x="11" y="15" entity="empty-wood-table" face="0,1"/>
	<cell x="20" y="16" entity="wood-chair" face="0,-1"/>
	<cell x="21" y="17" entity="empty-shelf" face="0,-1"/>
	<cell x="13" y="9" entity="empty-shelf" face="1,0"/>
	<cell x="9" y="13" entity="empty-shelf" face="0,1"/>
	<cell x="10" y="14" entity="wood-chair" face="0,1"/>
	<cell x="19" y="23" entity="book-shelf" face="0,1"/>
	<cell x="23" y="19"/>
	<cell x="22" y="18" entity="book-shelf" face="1,0"/>
	<cell x="17" y="21" entity="empty-shelf" face="-1,0"/>
	<cell x="16" y="20" entity="wood-chair" face="-1,0"/>
	<cell x="15" y="11" entity="wood-table-b" face="0,-1"/>
	<cell x="14" y="10" entity="wood-chair" face="1,0"/>
</grid>
