<?xml version="1.0" encoding="utf-8"?>
<grid>
	<cell x="22" y="5"/>
	<cell x="21" y="6"/>
	<cell x="26" y="9"/>
	<cell x="25" y="10"/>
	<cell x="24" y="11"/>
	<cell x="11" y="24"/>
	<cell x="10" y="25"/>
	<cell x="22" y="4"/>
	<cell x="20" y="6"/>
	<cell x="23" y="5"/>
	<cell x="21" y="7"/>
	<cell x="26" y="8"/>
	<cell x="24" y="10"/>
	<cell x="25" y="11"/>
	<cell x="10" y="24"/>
	<cell x="11" y="25"/>
	<cell x="20" y="5"/>
	<cell x="21" y="4"/>
	<cell x="23" y="6"/>
	<cell x="22" y="7"/>
	<cell x="24" y="9"/>
	<cell x="25" y="8"/>
	<cell x="11" y="26"/>
	<cell x="9" y="24"/>
	<cell x="8" y="25"/>
	<cell x="7" y="22"/>
	<cell x="21" y="5"/>
	<cell x="20" y="4"/>
	<cell x="22" y="6"/>
	<cell x="23" y="7"/>
	<cell x="24" y="8"/>
	<cell x="25" y="9"/>
	<cell x="26" y="10"/>
	<cell x="10" y="26"/>
	<cell x="8" y="24"/>
	<cell x="9" y="25"/>
	<cell x="7" y="23"/>
	<cell x="18" y="6"/>
	<cell x="17" y="5"/>
	<cell x="24" y="12"/>
	<cell x="25" y="13"/>
	<cell x="12" y="24" entity="crate" face="0,1"/>
	<cell x="13" y="25"/>
	<cell x="14" y="26"/>
	<cell x="16" y="4"/>
	<cell x="15" y="24"/>
	<cell x="25" y="14"/>
	<cell x="24" y="15"/>
	<cell x="17" y="6"/>
	<cell x="18" y="5"/>
	<cell x="19" y="4"/>
	<cell x="14" y="25"/>
	<cell x="13" y="26"/>
	<cell x="16" y="7"/>
	<cell x="15" y="25"/>
	<cell x="25" y="15"/>
	<cell x="24" y="14"/>
	<cell x="19" y="5"/>
	<cell x="18" y="4"/>
	<cell x="14" y="24"/>
	<cell x="12" y="26"/>
	<cell x="17" y="7" wall="true" entity="torch" face="0,1"/>
	<cell x="16" y="6"/>
	<cell x="15" y="26"/>
	<cell x="19" y="6"/>
	<cell x="17" y="4"/>
	<cell x="25" y="12"/>
	<cell x="24" y="13"/>
	<cell x="13" y="24"/>
	<cell x="12" y="25"/>
	<cell x="16" y="5"/>
	<cell x="17" y="12"/>
	<cell x="18" y="15"/>
	<cell x="14" y="19"/>
	<cell x="15" y="18"/>
	<cell x="12" y="17"/>
	<cell x="13" y="16"/>
	<cell x="16" y="13"/>
	<cell x="24" y="5"/>
	<cell x="21" y="8"/>
	<cell x="23" y="10"/>
	<cell x="10" y="23"/>
	<cell x="26" y="7" wall="true" entity="torch" face="0,1"/>
	<cell x="19" y="14"/>
	<cell x="17" y="19"/>
	<cell x="18" y="16"/>
	<cell x="16" y="18"/>
	<cell x="14" y="12"/>
	<cell x="13" y="15"/>
	<cell x="15" y="13"/>
	<cell x="12" y="14"/>
	<cell x="19" y="17" wall="true" entity="torch" face="0,1"/>
	<cell x="17" y="18"/>
	<cell x="18" y="17"/>
	<cell x="16" y="19"/>
	<cell x="15" y="12"/>
	<cell x="14" y="13"/>
	<cell x="13" y="14"/>
	<cell x="12" y="15"/>
	<cell x="19" y="16"/>
	<cell x="18" y="18"/>
	<cell x="12" y="12"/>
	<cell x="16" y="16"/>
	<cell x="15" y="15"/>
	<cell x="13" y="13"/>
	<cell x="14" y="14" entity="crate" face="0,1"/>
	<cell x="17" y="17"/>
	<cell x="18" y="14"/>
	<cell x="15" y="19"/>
	<cell x="14" y="18"/>
	<cell x="16" y="12"/>
	<cell x="13" y="17"/>
	<cell x="17" y="13"/>
	<cell x="12" y="16"/>
	<cell x="23" y="11"/>
	<cell x="19" y="15"/>
	<cell x="18" y="19"/>
	<cell x="13" y="12"/>
	<cell x="17" y="16"/>
	<cell x="14" y="15"/>
	<cell x="15" y="14"/>
	<cell x="16" y="17" entity="crate" face="0,1"/>
	<cell x="12" y="13"/>
	<cell x="18" y="12"/>
	<cell x="13" y="19"/>
	<cell x="12" y="18"/>
	<cell x="14" y="16"/>
	<cell x="17" y="15"/>
	<cell x="16" y="14"/>
	<cell x="15" y="17"/>
	<cell x="24" y="6"/>
	<cell x="22" y="8"/>
	<cell x="23" y="9"/>
	<cell x="25" y="7"/>
	<cell x="9" y="23"/>
	<cell x="8" y="22"/>
	<cell x="7" y="25" wall="true" entity="torch" face="0,1"/>
	<cell x="18" y="13"/>
	<cell x="12" y="19"/>
	<cell x="13" y="18"/>
	<cell x="14" y="17"/>
	<cell x="15" y="16" entity="crate" face="0,1"/>
	<cell x="16" y="15"/>
	<cell x="17" y="14"/>
	<cell x="24" y="7"/>
	<cell x="23" y="8"/>
	<cell x="22" y="9"/>
	<cell x="8" y="23"/>
	<cell x="9" y="22"/>
	<cell x="7" y="24"/>
	<cell x="16" y="21"/>
	<cell x="14" y="11"/>
	<cell x="8" y="13"/>
	<cell x="11" y="14"/>
	<cell x="10" y="15"/>
	<cell x="15" y="10"/>
	<cell x="21" y="16"/>
	<cell x="16" y="20"/>
	<cell x="15" y="11"/>
	<cell x="9" y="13"/>
	<cell x="10" y="14"/>
	<cell x="11" y="15"/>
	<cell x="14" y="10" entity="crate" face="0,1"/>
	<cell x="20" y="16"/>
	<cell x="16" y="23"/>
	<cell x="23" y="16"/>
	<cell x="12" y="11"/>
	<cell x="10" y="13"/>
	<cell x="9" y="14" entity="crate" face="0,1"/>
	<cell x="8" y="15"/>
	<cell x="11" y="12" wall="true" entity="torch" face="0,1"/>
	<cell x="15" y="8"/>
	<cell x="14" y="9"/>
	<cell x="16" y="22"/>
	<cell x="13" y="11"/>
	<cell x="11" y="13"/>
	<cell x="8" y="14"/>
	<cell x="9" y="15"/>
	<cell x="14" y="8"/>
	<cell x="15" y="9"/>
	<cell x="22" y="16"/>
	<cell x="15" y="23"/>
	<cell x="14" y="22"/>
	<cell x="9" y="17"/>
	<cell x="8" y="16"/>
	<cell x="16" y="8"/>
	<cell x="22" y="14"/>
	<cell x="23" y="15"/>
	<cell x="14" y="23"/>
	<cell x="15" y="22"/>
	<cell x="9" y="16"/>
	<cell x="8" y="17"/>
	<cell x="11" y="18" wall="true" entity="torch" face="0,1"/>
	<cell x="16" y="9"/>
	<cell x="23" y="14"/>
	<cell x="22" y="15"/>
	<cell x="14" y="20"/>
	<cell x="15" y="21"/>
	<cell x="11" y="17"/>
	<cell x="10" y="16"/>
	<cell x="23" y="13"/>
	<cell x="13" y="23" wall="true" entity="torch" face="0,1"/>
	<cell x="16" y="10"/>
	<cell x="20" y="14"/>
	<cell x="21" y="15"/>
	<cell x="15" y="20"/>
	<cell x="14" y="21"/>
	<cell x="16" y="11"/>
	<cell x="10" y="17"/>
	<cell x="11" y="16"/>
	<cell x="23" y="12"/>
	<cell x="21" y="14"/>
	<cell x="20" y="15"/>
	<cell x="16" y="24"/>
	<cell x="24" y="16"/>
	<cell x="14" y="6"/>
	<cell x="15" y="7"/>
	<cell x="16" y="25"/>
	<cell x="15" y="6"/>
	<cell x="14" y="7"/>
	<cell x="15" y="5"/>
</grid>
