<?xml version="1.0" encoding="utf-8"?>
<grid>
	<cell x="16" y="17"/>
	<cell x="13" y="12" entity="wood-chair" face="1,0"/>
	<cell x="11" y="10"/>
	<cell x="8" y="9"/>
	<cell x="10" y="11"/>
	<cell x="14" y="15"/>
	<cell x="15" y="14" entity="wood-chair" face="0,-1"/>
	<cell x="20" y="21"/>
	<cell x="17" y="16"/>
	<cell x="18" y="13" wall="true" entity="torch" face="0,-1"/>
	<cell x="9" y="22" entity="alchemy-shelf" face="0,-1"/>
	<cell x="16" y="15"/>
	<cell x="17" y="14" entity="warrior-statue" face="-1,1"/>
	<cell x="11" y="20"/>
	<cell x="14" y="17"/>
	<cell x="15" y="16" entity="crate" face="0,1"/>
	<cell x="10" y="21"/>
	<cell x="7" y="15"/>
	<cell x="7" y="19" entity="empty-shelf" face="0,1"/>
	<cell x="7" y="14"/>
	<cell x="7" y="11" entity="crate" face="0,1"/>
	<cell x="7" y="22" entity="empty-shelf" face="0,-1"/>
	<cell x="22" y="22"/>
	<cell x="21" y="21"/>
	<cell x="17" y="17"/>
	<cell x="16" y="16"/>
	<cell x="13" y="13" entity="wood-chair" face="1,0"/>
	<cell x="14" y="14" entity="wood-chair" face="0,-1"/>
	<cell x="15" y="15"/>
	<cell x="9" y="9"/>
	<cell x="11" y="11"/>
	<cell x="10" y="10"/>
	<cell x="7" y="16"/>
	<cell x="23" y="19"/>
	<cell x="20" y="16" entity="alchemy-shelf" face="0,-1"/>
	<cell x="13" y="9" entity="warrior-statue" face="1,1"/>
	<cell x="9" y="13"/>
	<cell x="15" y="11" entity="wood-chair" face="0,1"/>
	<cell x="14" y="10" entity="steel-chest" face="0,1"/>
	<cell x="11" y="15"/>
	<cell x="8" y="12"/>
	<cell x="10" y="14" entity="wood-chair" face="-1,1"/>
	<cell x="16" y="20"/>
	<cell x="17" y="21"/>
	<cell x="22" y="18"/>
	<cell x="10" y="17"/>
	<cell x="15" y="20"/>
	<cell x="16" y="11"/>
	<cell x="17" y="10" entity="alchemy-shelf" face="-1,0"/>
	<cell x="8" y="19" entity="book-shelf" face="0,1"/>
	<cell x="11" y="16"/>
	<cell x="13" y="22"/>
	<cell x="14" y="21"/>
	<cell x="21" y="14" entity="book-shelf" face="0,1"/>
	<cell x="20" y="15"/>
	<cell x="7" y="20"/>
	<cell x="23" y="16"/>
	<cell x="12" y="11"/>
	<cell x="22" y="17"/>
	<cell x="17" y="22" entity="warrior-statue" face="-1,-1"/>
	<cell x="10" y="13"/>
	<cell x="9" y="14" entity="wood-chair" face="0,1"/>
	<cell x="8" y="15" entity="wood-chair" face="1,0"/>
	<cell x="11" y="12"/>
	<cell x="13" y="10"/>
	<cell x="14" y="9"/>
	<cell x="23" y="17"/>
	<cell x="12" y="10"/>
	<cell x="15" y="9"/>
	<cell x="22" y="16"/>
	<cell x="19" y="21" entity="barrel-side" face="0,1"/>
	<cell x="10" y="12"/>
	<cell x="9" y="15" entity="wood-table-a" face="1,-1"/>
	<cell x="8" y="14" entity="wood-chair" face="1,1"/>
	<cell x="13" y="11"/>
	<cell x="11" y="13"/>
	<cell x="16" y="22"/>
	<cell x="12" y="22" wall="true" entity="torch" face="0,-1"/>
	<cell x="20" y="14" entity="book-shelf" face="0,1"/>
	<cell x="16" y="10"/>
	<cell x="17" y="11" entity="book-shelf" face="-1,0"/>
	<cell x="10" y="16" entity="wood-chair" face="-1,-1"/>
	<cell x="9" y="19" entity="book-shelf" face="0,1"/>
	<cell x="15" y="21"/>
	<cell x="11" y="17" entity="warrior-statue" face="-1,-1"/>
	<cell x="14" y="20"/>
	<cell x="21" y="15"/>
	<cell x="10" y="19" entity="wood-chest" face="0,1"/>
	<cell x="15" y="22"/>
	<cell x="9" y="16" entity="wood-chair" face="0,-1"/>
	<cell x="8" y="17"/>
	<cell x="13" y="20"/>
	<cell x="16" y="9"/>
	<cell x="22" y="15"/>
	<cell x="12" y="21"/>
	<cell x="23" y="21"/>
	<cell x="22" y="20"/>
	<cell x="18" y="16" entity="alchemy-shelf" face="0,-1"/>
	<cell x="10" y="8" entity="wood-chest" face="0,1"/>
	<cell x="20" y="22" entity="barrel-top" face="0,1"/>
	<cell x="9" y="11"/>
	<cell x="17" y="19"/>
	<cell x="15" y="13" entity="wood-table-a" face="0,1"/>
	<cell x="14" y="12" entity="wood-table-b" face="1,0"/>
	<cell x="13" y="15"/>
	<cell x="11" y="9"/>
	<cell x="8" y="10" entity="crate" face="0,1"/>
	<cell x="18" y="15"/>
	<cell x="19" y="14" entity="alchemy-shelf" face="0,1"/>
	<cell x="14" y="19"/>
	<cell x="17" y="12" entity="empty-shelf" face="-1,0"/>
	<cell x="16" y="13"/>
	<cell x="9" y="20"/>
	<cell x="11" y="22"/>
	<cell x="8" y="21"/>
	<cell x="13" y="16"/>
	<cell x="15" y="17"/>
	<cell x="14" y="16"/>
	<cell x="13" y="19" entity="warrior-statue" face="1,1"/>
	<cell x="11" y="21"/>
	<cell x="10" y="20"/>
	<cell x="8" y="22" entity="alchemy-shelf" face="0,-1"/>
	<cell x="16" y="14"/>
	<cell x="17" y="15"/>
	<cell x="7" y="10" entity="crate" face="0,1"/>
	<cell x="7" y="9" entity="crate" face="0,1"/>
	<cell x="7" y="17"/>
	<cell x="6" y="13" wall="true" entity="torch" face="0,-1"/>
	<cell x="7" y="12" entity="crate" face="0,1"/>
	<cell x="7" y="21"/>
	<cell x="23" y="20"/>
	<cell x="21" y="22"/>
	<cell x="17" y="18"/>
	<cell x="15" y="12" entity="wood-table-a" face="1,0"/>
	<cell x="10" y="9"/>
	<cell x="16" y="19"/>
	<cell x="22" y="21"/>
	<cell x="8" y="11"/>
	<cell x="9" y="10" entity="crate" face="0,1"/>
	<cell x="19" y="16" entity="book-shelf" face="0,-1"/>
	<cell x="14" y="13" entity="empty-wood-table" face="0,1"/>
	<cell x="13" y="14"/>
	<cell x="7" y="13"/>
	<cell x="23" y="15"/>
	<cell x="12" y="20"/>
	<cell x="14" y="22"/>
	<cell x="13" y="21"/>
	<cell x="11" y="19"/>
	<cell x="8" y="16" entity="wood-chair" face="1,-1"/>
	<cell x="9" y="17"/>
	<cell x="22" y="14" entity="alchemy-shelf" face="0,1"/>
	<cell x="13" y="17"/>
	<cell x="15" y="19"/>
	<cell x="9" y="21"/>
	<cell x="8" y="20"/>
	<cell x="12" y="16"/>
	<cell x="19" y="15"/>
	<cell x="16" y="12"/>
	<cell x="10" y="22" entity="empty-shelf" face="0,-1"/>
	<cell x="17" y="13" entity="book-shelf" face="-1,0"/>
	<cell x="18" y="14" entity="book-shelf" face="0,1"/>
	<cell x="14" y="18"/>
	<cell x="23" y="18"/>
	<cell x="11" y="14"/>
	<cell x="9" y="12"/>
	<cell x="21" y="16" entity="empty-shelf" face="0,-1"/>
	<cell x="22" y="19"/>
	<cell x="14" y="11" entity="wood-chair" face="0,1"/>
	<cell x="15" y="10"/>
	<cell x="8" y="13"/>
	<cell x="19" y="22" entity="barrel-top" face="0,1"/>
	<cell x="17" y="20"/>
	<cell x="16" y="21"/>
	<cell x="10" y="15" entity="wood-chair" face="-1,0"/>
</grid>
