<?xml version="1.0" encoding="utf-8"?>
<grid>
	<cell x="22" y="7"/>
	<cell x="7" y="22"/>
	<cell x="6" y="23"/>
	<cell x="24" y="9"/>
	<cell x="25" y="8"/>
	<cell x="26" y="11"/>
	<cell x="20" y="23"/>
	<cell x="13" y="14"/>
	<cell x="12" y="15"/>
	<cell x="17" y="18"/>
	<cell x="14" y="13"/>
	<cell x="18" y="17"/>
	<cell x="15" y="12"/>
	<cell x="8" y="11"/>
	<cell x="19" y="16"/>
	<cell x="16" y="19"/>
	<cell x="21" y="22"/>
	<cell x="23" y="13" wall="true" entity="torch" face="0,-1"/>
	<cell x="8" y="18"/>
	<cell x="16" y="10"/>
	<cell x="17" y="11"/>
	<cell x="18" y="8"/>
	<cell x="21" y="15"/>
	<cell x="20" y="14"/>
	<cell x="14" y="20"/>
	<cell x="15" y="21"/>
	<cell x="8" y="20"/>
	<cell x="18" y="14"/>
	<cell x="17" y="13"/>
	<cell x="14" y="18"/>
	<cell x="13" y="17"/>
	<cell x="16" y="12"/>
	<cell x="19" y="15"/>
	<cell x="15" y="19"/>
	<cell x="20" y="8"/>
	<cell x="17" y="20"/>
	<cell x="20" y="17"/>
	<cell x="15" y="10"/>
	<cell x="10" y="15"/>
	<cell x="11" y="14"/>
	<cell x="14" y="11"/>
	<cell x="8" y="13"/>
	<cell x="20" y="7"/>
	<cell x="5" y="22"/>
	<cell x="6" y="21"/>
	<cell x="7" y="20"/>
	<cell x="25" y="10"/>
	<cell x="26" y="9"/>
	<cell x="24" y="11"/>
	<cell x="12" y="17" wall="true" entity="torch" face="0,-1"/>
	<cell x="8" y="21"/>
	<cell x="14" y="19"/>
	<cell x="19" y="14"/>
	<cell x="17" y="12"/>
	<cell x="13" y="16"/>
	<cell x="15" y="18"/>
	<cell x="18" y="15"/>
	<cell x="16" y="13"/>
	<cell x="21" y="8"/>
	<cell x="8" y="19"/>
	<cell x="19" y="8"/>
	<cell x="14" y="21"/>
	<cell x="15" y="20"/>
	<cell x="21" y="14"/>
	<cell x="20" y="15"/>
	<cell x="18" y="9"/>
	<cell x="16" y="11"/>
	<cell x="17" y="10"/>
	<cell x="21" y="17" wall="true" entity="torch" face="0,-1"/>
	<cell x="14" y="10"/>
	<cell x="11" y="15"/>
	<cell x="10" y="14"/>
	<cell x="8" y="12"/>
	<cell x="9" y="13"/>
	<cell x="15" y="11"/>
	<cell x="17" y="24" wall="true" entity="torch" face="0,-1"/>
	<cell x="13" y="4" wall="true" entity="torch" face="0,-1"/>
	<cell x="19" y="26"/>
	<cell x="6" y="15"/>
	<cell x="7" y="14"/>
	<cell x="16" y="25"/>
	<cell x="12" y="5"/>
	<cell x="14" y="7"/>
	<cell x="18" y="26"/>
	<cell x="14" y="6"/>
	<cell x="13" y="5"/>
	<cell x="7" y="15"/>
	<cell x="6" y="14"/>
	<cell x="17" y="25"/>
	<cell x="7" y="13"/>
	<cell x="12" y="6"/>
	<cell x="13" y="7"/>
	<cell x="6" y="12"/>
	<cell x="19" y="25"/>
	<cell x="21" y="7"/>
	<cell x="5" y="23"/>
	<cell x="7" y="21"/>
	<cell x="6" y="20"/>
	<cell x="25" y="11"/>
	<cell x="26" y="8"/>
	<cell x="24" y="10"/>
	<cell x="17" y="26"/>
	<cell x="12" y="7"/>
	<cell x="13" y="6"/>
	<cell x="14" y="5"/>
	<cell x="6" y="13"/>
	<cell x="18" y="25"/>
	<cell x="7" y="12"/>
	<cell x="17" y="6" wall="true" entity="torch" face="0,-1"/>
	<cell x="25" y="14"/>
	<cell x="24" y="15"/>
	<cell x="26" y="13"/>
	<cell x="6" y="17"/>
	<cell x="7" y="16"/>
	<cell x="15" y="24"/>
	<cell x="14" y="25"/>
	<cell x="10" y="5"/>
	<cell x="9" y="6"/>
	<cell x="8" y="7"/>
	<cell x="7" y="8"/>
	<cell x="20" y="26"/>
	<cell x="7" y="9"/>
	<cell x="9" y="7"/>
	<cell x="8" y="6"/>
	<cell x="11" y="5"/>
	<cell x="17" y="7"/>
	<cell x="25" y="15"/>
	<cell x="24" y="14"/>
	<cell x="26" y="12"/>
	<cell x="7" y="17"/>
	<cell x="6" y="16"/>
	<cell x="14" y="24"/>
	<cell x="15" y="25"/>
	<cell x="24" y="7"/>
	<cell x="23" y="8"/>
	<cell x="13" y="18"/>
	<cell x="18" y="13"/>
	<cell x="17" y="14"/>
	<cell x="14" y="17"/>
	<cell x="15" y="16"/>
	<cell x="16" y="15"/>
	<cell x="18" y="20"/>
	<cell x="19" y="21"/>
	<cell x="11" y="13"/>
	<cell x="15" y="9"/>
	<cell x="14" y="8"/>
	<cell x="9" y="15"/>
	<cell x="8" y="14"/>
	<cell x="20" y="18"/>
	<cell x="15" y="17"/>
	<cell x="14" y="16"/>
	<cell x="17" y="15"/>
	<cell x="16" y="14"/>
	<cell x="18" y="12"/>
	<cell x="13" y="19"/>
	<cell x="22" y="8"/>
	<cell x="19" y="20"/>
	<cell x="10" y="13"/>
	<cell x="15" y="8"/>
	<cell x="14" y="9"/>
	<cell x="8" y="15"/>
	<cell x="9" y="14"/>
	<cell x="20" y="19"/>
	<cell x="20" y="22"/>
	<cell x="18" y="16"/>
	<cell x="15" y="13"/>
	<cell x="16" y="18"/>
	<cell x="13" y="15"/>
	<cell x="12" y="14"/>
	<cell x="14" y="12"/>
	<cell x="8" y="10"/>
	<cell x="7" y="5"/>
	<cell x="19" y="17"/>
	<cell x="17" y="19"/>
	<cell x="21" y="23"/>
	<cell x="16" y="9"/>
	<cell x="17" y="8"/>
	<cell x="22" y="15"/>
	<cell x="23" y="14"/>
	<cell x="18" y="11"/>
	<cell x="15" y="22"/>
	<cell x="14" y="23"/>
	<cell x="20" y="20"/>
	<cell x="17" y="17"/>
	<cell x="16" y="16"/>
	<cell x="15" y="15" entity="crate" face="0,1"/>
	<cell x="14" y="14"/>
	<cell x="13" y="13"/>
	<cell x="8" y="8"/>
	<cell x="7" y="7"/>
	<cell x="18" y="18"/>
	<cell x="19" y="19"/>
	<cell x="21" y="21"/>
	<cell x="20" y="21"/>
	<cell x="16" y="17"/>
	<cell x="17" y="16"/>
	<cell x="14" y="15"/>
	<cell x="15" y="14"/>
	<cell x="12" y="13"/>
	<cell x="8" y="9"/>
	<cell x="7" y="6"/>
	<cell x="19" y="18"/>
	<cell x="18" y="19"/>
	<cell x="21" y="20"/>
	<cell x="18" y="10"/>
	<cell x="17" y="9"/>
	<cell x="16" y="8"/>
	<cell x="23" y="15"/>
	<cell x="22" y="14"/>
	<cell x="14" y="22"/>
	<cell x="15" y="23"/>
	<cell x="5" y="17" wall="true" entity="torch" face="0,-1"/>
	<cell x="19" y="7"/>
	<cell x="26" y="14"/>
	<cell x="25" y="13"/>
	<cell x="24" y="12"/>
	<cell x="6" y="18"/>
	<cell x="7" y="19"/>
	<cell x="18" y="7"/>
	<cell x="26" y="15"/>
	<cell x="24" y="13"/>
	<cell x="25" y="12"/>
	<cell x="7" y="18"/>
	<cell x="6" y="19"/>
	<cell x="20" y="24"/>
	<cell x="7" y="11"/>
	<cell x="11" y="7"/>
	<cell x="10" y="6"/>
	<cell x="9" y="5"/>
	<cell x="21" y="25"/>
	<cell x="6" y="11" wall="true" entity="torch" face="0,-1"/>
	<cell x="7" y="10"/>
	<cell x="10" y="7"/>
	<cell x="11" y="6"/>
	<cell x="8" y="5"/>
	<cell x="21" y="24"/>
	<cell x="20" y="25"/>
	<cell x="23" y="7"/>
	<cell x="6" y="22"/>
	<cell x="5" y="21"/>
	<cell x="24" y="8"/>
	<cell x="25" y="9"/>
	<cell x="26" y="10"/>
</grid>
