<?xml version="1.0" encoding="utf-8"?>
<grid>
	<cell x="23" y="15"/>
	<cell x="22" y="14"/>
	<cell x="15" y="23"/>
	<cell x="14" y="22"/>
	<cell x="16" y="8"/>
	<cell x="8" y="16"/>
	<cell x="24" y="25" entity="wood-chest" face="0,1"/>
	<cell x="25" y="24" entity="wood-chest" face="0,1"/>
	<cell x="22" y="23"/>
	<cell x="23" y="22" entity="wood-chest" face="0,1"/>
	<cell x="13" y="12" entity="empty-shelf" face="0,1"/>
	<cell x="12" y="13" entity="empty-shelf" face="1,0"/>
	<cell x="15" y="14" entity="steel-chest" face="1,0"/>
	<cell x="14" y="15" entity="wood-chest" face="-1,0"/>
	<cell x="17" y="16"/>
	<cell x="16" y="17"/>
	<cell x="25" y="15"/>
	<cell x="24" y="14"/>
	<cell x="15" y="25"/>
	<cell x="14" y="24"/>
	<cell x="16" y="6"/>
	<cell x="6" y="16"/>
	<cell x="18" y="4"/>
	<cell x="4" y="18"/>
	<cell x="1" y="23"/>
	<cell x="3" y="21" entity="wood-chest" face="0,1"/>
	<cell x="2" y="20"/>
	<cell x="20" y="2" entity="wood-chest" face="0,1"/>
	<cell x="21" y="3"/>
	<cell x="5" y="19" wall="true" entity="torch" face="0,1"/>
	<cell x="19" y="5"/>
	<cell x="24" y="15"/>
	<cell x="25" y="14"/>
	<cell x="14" y="25"/>
	<cell x="15" y="24"/>
	<cell x="16" y="7"/>
	<cell x="7" y="16"/>
	<cell x="18" y="5" entity="barrel-top" face="-1,0"/>
	<cell x="19" y="4"/>
	<cell x="4" y="19"/>
	<cell x="1" y="22"/>
	<cell x="2" y="21" entity="wood-chest" face="0,1"/>
	<cell x="3" y="20"/>
	<cell x="21" y="2" entity="wood-chest" face="0,1"/>
	<cell x="20" y="3"/>
	<cell x="26" y="14"/>
	<cell x="16" y="4"/>
	<cell x="4" y="16"/>
	<cell x="17" y="5" entity="barrel-top" face="-1,0"/>
	<cell x="3" y="23" entity="empty-wood-table" face="1,0"/>
	<cell x="2" y="22"/>
	<cell x="1" y="21"/>
	<cell x="22" y="2"/>
	<cell x="23" y="3"/>
	<cell x="26" y="15"/>
	<cell x="16" y="5"/>
	<cell x="5" y="16"/>
	<cell x="17" y="4"/>
	<cell x="4" y="17"/>
	<cell x="2" y="23" entity="steel-chest" face="0,-1"/>
	<cell x="3" y="22"/>
	<cell x="1" y="20"/>
	<cell x="23" y="2" entity="wood-chest" face="0,1"/>
	<cell x="22" y="3"/>
	<cell x="19" y="6" wall="true" entity="torch" face="0,1"/>
	<cell x="20" y="14"/>
	<cell x="21" y="15"/>
	<cell x="15" y="21"/>
	<cell x="14" y="20"/>
	<cell x="16" y="10"/>
	<cell x="10" y="16"/>
	<cell x="2" y="24"/>
	<cell x="24" y="2" entity="wood-chest" face="0,1"/>
	<cell x="3" y="25" wall="true" entity="torch" face="0,1"/>
	<cell x="20" y="15"/>
	<cell x="21" y="14"/>
	<cell x="14" y="21"/>
	<cell x="15" y="20"/>
	<cell x="16" y="11"/>
	<cell x="11" y="16"/>
	<cell x="3" y="24" entity="wood-chair" face="0,-1"/>
	<cell x="24" y="3"/>
	<cell x="19" y="3"/>
	<cell x="3" y="19"/>
	<cell x="2" y="18" entity="barrel-top" face="-1,0"/>
	<cell x="5" y="21"/>
	<cell x="4" y="20"/>
	<cell x="20" y="4" entity="steel-chest" face="0,-1"/>
	<cell x="21" y="5" entity="wood-chest" face="0,1"/>
	<cell x="22" y="6"/>
	<cell x="19" y="14"/>
	<cell x="14" y="19"/>
	<cell x="5" y="24"/>
	<cell x="24" y="5" entity="wood-chest" face="-1,0"/>
	<cell x="25" y="4" wall="true" entity="torch" face="0,1"/>
	<cell x="17" y="12" entity="book-shelf" face="0,1"/>
	<cell x="16" y="13"/>
	<cell x="18" y="15"/>
	<cell x="13" y="16"/>
	<cell x="12" y="17" entity="empty-shelf" face="1,0"/>
	<cell x="15" y="18"/>
	<cell x="16" y="15" entity="empty-wood-table" face="-1,0"/>
	<cell x="15" y="16" entity="wood-chest" face="0,1"/>
	<cell x="14" y="17"/>
	<cell x="13" y="18" entity="book-shelf" face="0,-1"/>
	<cell x="17" y="14" entity="wood-chair" face="-1,0"/>
	<cell x="18" y="13" entity="alchemy-shelf" face="-1,0"/>
	<cell x="24" y="6"/>
	<cell x="18" y="12" entity="torch" face="-1,0"/>
	<cell x="16" y="14" entity="wood-table-a" face="-1,0"/>
	<cell x="12" y="18" entity="torch" face="-1,0"/>
	<cell x="15" y="17"/>
	<cell x="14" y="16" entity="steel-chest" face="0,1"/>
	<cell x="17" y="15"/>
	<cell x="19" y="15"/>
	<cell x="15" y="19"/>
	<cell x="14" y="18"/>
	<cell x="13" y="17"/>
	<cell x="12" y="16"/>
	<cell x="18" y="14"/>
	<cell x="17" y="13"/>
	<cell x="16" y="12"/>
	<cell x="24" y="4" entity="steel-chest" face="-1,0"/>
	<cell x="4" y="24"/>
	<cell x="16" y="3"/>
	<cell x="3" y="16"/>
	<cell x="21" y="6"/>
	<cell x="22" y="5" entity="wood-chest" face="0,1"/>
	<cell x="23" y="4" entity="wood-chair" face="-1,0"/>
	<cell x="5" y="22"/>
	<cell x="4" y="23" entity="wood-chest" face="0,1"/>
	<cell x="2" y="17"/>
	<cell x="2" y="16"/>
	<cell x="1" y="19" wall="true" entity="torch" face="0,1"/>
	<cell x="20" y="6"/>
	<cell x="23" y="5"/>
	<cell x="22" y="4" entity="empty-wood-table" face="1,0"/>
	<cell x="4" y="22"/>
	<cell x="5" y="23"/>
	<cell x="3" y="17"/>
	<cell x="17" y="3"/>
	<cell x="18" y="3" entity="barrel-top" face="-1,0"/>
	<cell x="2" y="19" entity="barrel-top" face="-1,0"/>
	<cell x="3" y="18"/>
	<cell x="4" y="21" entity="wood-chest" face="0,1"/>
	<cell x="5" y="20"/>
	<cell x="21" y="4" entity="steel-chest" face="0,-1"/>
	<cell x="20" y="5"/>
	<cell x="19" y="2" wall="true" entity="torch" face="0,1"/>
	<cell x="23" y="6"/>
	<cell x="23" y="16"/>
	<cell x="16" y="23"/>
	<cell x="15" y="8"/>
	<cell x="14" y="9"/>
	<cell x="8" y="15"/>
	<cell x="9" y="14"/>
	<cell x="1" y="6" entity="empty-wood-table" face="1,0"/>
	<cell x="20" y="16"/>
	<cell x="16" y="20"/>
	<cell x="15" y="11"/>
	<cell x="14" y="10"/>
	<cell x="11" y="15"/>
	<cell x="10" y="14"/>
	<cell x="2" y="6" entity="wood-chest" face="0,1"/>
	<cell x="3" y="7"/>
	<cell x="19" y="23" entity="barrel-top" face="-1,0"/>
	<cell x="21" y="16"/>
	<cell x="16" y="21"/>
	<cell x="14" y="11"/>
	<cell x="15" y="10"/>
	<cell x="10" y="15"/>
	<cell x="11" y="14"/>
	<cell x="3" y="6" entity="wood-chest" face="0,1"/>
	<cell x="2" y="7"/>
	<cell x="18" y="23" entity="barrel-top" face="-1,0"/>
	<cell x="16" y="18"/>
	<cell x="18" y="16"/>
	<cell x="13" y="15"/>
	<cell x="12" y="14"/>
	<cell x="15" y="13"/>
	<cell x="14" y="12"/>
	<cell x="23" y="21" wall="true" entity="torch" face="0,1"/>
	<cell x="4" y="6" entity="wood-chest" face="0,1"/>
	<cell x="5" y="7"/>
	<cell x="26" y="24"/>
	<cell x="24" y="26"/>
	<cell x="21" y="23"/>
	<cell x="19" y="16"/>
	<cell x="16" y="19"/>
	<cell x="17" y="18" entity="empty-shelf" face="0,-1"/>
	<cell x="18" y="17" entity="empty-shelf" face="-1,0"/>
	<cell x="12" y="15"/>
	<cell x="13" y="14"/>
	<cell x="14" y="13"/>
	<cell x="15" y="12"/>
	<cell x="21" y="22" wall="true" entity="torch" face="0,1"/>
	<cell x="5" y="6"/>
	<cell x="4" y="7"/>
	<cell x="26" y="25"/>
	<cell x="25" y="26"/>
	<cell x="20" y="23" entity="barrel-top" face="-1,0"/>
	<cell x="22" y="16"/>
	<cell x="16" y="22"/>
	<cell x="15" y="9"/>
	<cell x="14" y="8"/>
	<cell x="8" y="14"/>
	<cell x="9" y="15"/>
	<cell x="3" y="5" wall="true" entity="torch" face="0,1"/>
	<cell x="1" y="7" entity="wood-chair" face="0,-1"/>
	<cell x="17" y="23"/>
	<cell x="25" y="16"/>
	<cell x="16" y="25"/>
	<cell x="15" y="6"/>
	<cell x="14" y="7"/>
	<cell x="6" y="15"/>
	<cell x="7" y="14"/>
	<cell x="24" y="17"/>
	<cell x="26" y="19"/>
	<cell x="1" y="8"/>
	<cell x="3" y="10"/>
	<cell x="4" y="13" entity="barrel-top" face="-1,0"/>
	<cell x="2" y="11"/>
	<cell x="17" y="24"/>
	<cell x="26" y="16"/>
	<cell x="14" y="4"/>
	<cell x="15" y="5"/>
	<cell x="5" y="15"/>
	<cell x="4" y="14"/>
	<cell x="24" y="18" entity="barrel-top" face="-1,0"/>
	<cell x="25" y="19"/>
	<cell x="1" y="11" wall="true" entity="torch" face="0,1"/>
	<cell x="2" y="8" entity="steel-chest" face="0,-1"/>
	<cell x="3" y="9" entity="wood-chest" face="0,1"/>
	<cell x="18" y="24"/>
	<cell x="19" y="25" entity="barrel-top" face="-1,0"/>
	<cell x="15" y="4"/>
	<cell x="14" y="5"/>
	<cell x="5" y="14"/>
	<cell x="4" y="15"/>
	<cell x="25" y="18"/>
	<cell x="26" y="17"/>
	<cell x="24" y="19" entity="barrel-top" face="-1,0"/>
	<cell x="3" y="8" entity="steel-chest" face="0,-1"/>
	<cell x="2" y="9" entity="wood-chest" face="0,1"/>
	<cell x="1" y="10"/>
	<cell x="19" y="24"/>
	<cell x="18" y="25"/>
	<cell x="15" y="3"/>
	<cell x="2" y="14"/>
	<cell x="3" y="15"/>
	<cell x="25" y="21"/>
	<cell x="24" y="20"/>
	<cell x="4" y="8"/>
	<cell x="5" y="9" entity="steel-chest" face="-1,0"/>
	<cell x="26" y="22"/>
	<cell x="22" y="26"/>
	<cell x="20" y="24"/>
	<cell x="21" y="25"/>
	<cell x="14" y="3"/>
	<cell x="2" y="15"/>
	<cell x="3" y="14"/>
	<cell x="24" y="21" entity="barrel-top" face="-1,0"/>
	<cell x="25" y="20"/>
	<cell x="5" y="8" entity="steel-chest" face="-1,0"/>
	<cell x="4" y="9"/>
	<cell x="26" y="23"/>
	<cell x="23" y="26"/>
	<cell x="20" y="25" entity="barrel-top" face="-1,0"/>
	<cell x="21" y="24"/>
	<cell x="24" y="16"/>
	<cell x="16" y="24"/>
	<cell x="14" y="6"/>
	<cell x="15" y="7"/>
	<cell x="7" y="15"/>
	<cell x="6" y="14"/>
	<cell x="26" y="18" entity="barrel-top" face="-1,0"/>
	<cell x="25" y="17"/>
	<cell x="1" y="9"/>
	<cell x="2" y="10"/>
	<cell x="4" y="12" entity="barrel-top" face="-1,0"/>
	<cell x="3" y="11"/>
	<cell x="17" y="25"/>
	<cell x="26" y="20"/>
	<cell x="27" y="21" wall="true" entity="torch" face="0,1"/>
	<cell x="5" y="11" wall="true" entity="torch" face="0,1"/>
	<cell x="4" y="10"/>
	<cell x="24" y="22"/>
	<cell x="25" y="23" entity="steel-chest" face="0,-1"/>
	<cell x="22" y="24" entity="wood-chair" face="1,0"/>
	<cell x="23" y="25" entity="steel-chest" face="0,-1"/>
	<cell x="3" y="13"/>
	<cell x="2" y="12"/>
	<cell x="26" y="21" entity="barrel-top" face="-1,0"/>
	<cell x="21" y="26" wall="true" entity="torch" face="0,1"/>
	<cell x="5" y="10"/>
	<cell x="25" y="22"/>
	<cell x="24" y="23"/>
	<cell x="23" y="24" entity="empty-wood-table" face="1,0"/>
	<cell x="22" y="25"/>
	<cell x="3" y="12"/>
	<cell x="4" y="11" entity="barrel-top" face="-1,0"/>
	<cell x="2" y="13"/>
	<cell x="22" y="15"/>
	<cell x="23" y="14"/>
	<cell x="14" y="23"/>
	<cell x="15" y="22"/>
	<cell x="16" y="9"/>
	<cell x="9" y="16"/>
	<cell x="1" y="24"/>
	<cell x="26" y="26"/>
	<cell x="25" y="25" entity="wood-chest" face="0,1"/>
	<cell x="24" y="24" entity="steel-chest" face="0,-1"/>
	<cell x="23" y="23"/>
	<cell x="22" y="22" entity="wood-chest" face="0,1"/>
	<cell x="27" y="27" wall="true" entity="torch" face="0,1"/>
	<cell x="12" y="12" entity="torch" face="-1,0"/>
	<cell x="13" y="13"/>
	<cell x="14" y="14" entity="wood-chest" face="-1,0"/>
	<cell x="15" y="15" entity="steel-chest" face="1,0"/>
	<cell x="16" y="16"/>
	<cell x="17" y="17"/>
	<cell x="18" y="18" entity="torch" face="-1,0"/>
</grid>
